City,State,Country,Region
Duluth,South Carolina,USA,Americas
Birmingham,Alabama,USA,Americas
Birmingham,Florida,USA,Americas
Columbus,Florida,USA,Americas
Augusta,Florida,USA,Americas
Columbus,Georgia,USA,Americas
Birmingham,South Carolina,USA,Americas
Columbus,South Carolina,USA,Americas
Birmingham,Florida,USA,Americas
Columbus,Georgia,USA,Americas
Gainesville,Georgia,USA,Americas
Gainesville,Florida,USA,Americas
Duluth,Alabama,USA,Americas
Duluth,Georgia,USA,Americas
Augusta,South Carolina,USA,Americas
Augusta,Georgia,USA,Americas
Gainesville,Florida,USA,Americas
Columbus,Florida,USA,Americas
Daytona Beach,Alabama,USA,Americas
Augusta,Florida,USA,Americas
Savannah,Georgia,USA,Americas
Clearwater,Florida,USA,Americas
Columbus,Florida,USA,Americas
Augusta,Florida,USA,Americas
Duluth,Georgia,USA,Americas
Augusta,Florida,USA,Americas
Gainesville,Georgia,USA,Americas
Gainesville,Florida,USA,Americas
Columbus,Florida,USA,Americas
Birmingham,Alabama,USA,Americas
Birmingham,Florida,USA,Americas
Duluth,Florida,USA,Americas
Miami,Florida,USA,Americas
Gainesville,Florida,USA,Americas
Birmingham,Alabama,USA,Americas
Birmingham,Georgia,USA,Americas
Birmingham,Alabama,USA,Americas
Birmingham,Georgia,USA,Americas
Columbus,Florida,USA,Americas
Savannah,Alabama,USA,Americas
Birmingham,Florida,USA,Americas
Clearwater,Florida,USA,Americas
Miami,Florida,USA,Americas
Duluth,Florida,USA,Americas
Gainesville,Alabama,USA,Americas
Birmingham,Florida,USA,Americas
Duluth,Mississippi,USA,Americas
Columbus,Georgia,USA,Americas
Columbus,Alabama,USA,Americas
Birmingham,Georgia,USA,Americas
Gainesville,Alabama,USA,Americas
Augusta,Florida,USA,Americas
Duluth,Alabama,USA,Americas
Duluth,Florida,USA,Americas
Clearwater,Alabama,USA,Americas
Columbus,Florida,USA,Americas
Duluth,Alabama,USA,Americas
Duluth,Florida,USA,Americas
Jackson,Mississippi,USA,Americas
Gainesville,Florida,USA,Americas
Columbus,Florida,USA,Americas
Duluth,Florida,USA,Americas
Birmingham,Florida,USA,Americas
Columbus,Florida,USA,Americas
Gainesville,Georgia,USA,Americas
Columbus,Florida,USA,Americas
Birmingham,Florida,USA,Americas
Augusta,Florida,USA,Americas
Columbus,Florida,USA,Americas
Augusta,Florida,USA,Americas
Birmingham,Florida,USA,Americas
Duluth,Florida,USA,Americas
Macon,Georgia,USA,Americas
Columbus,Florida,USA,Americas
Columbus,Florida,USA,Americas
Birmingham,Alabama,USA,Americas
Clearwater,South Carolina,USA,Americas
Gainesville,Alabama,USA,Americas
West Palm Beach,Alabama,USA,Americas
Columbus,Florida,USA,Americas
Duluth,Florida,USA,Americas
Augusta,Georgia,USA,Americas
Clearwater,Georgia,USA,Americas
Gainesville,Georgia,USA,Americas
Duluth,Florida,USA,Americas
Gainesville,Georgia,USA,Americas
Columbus,Georgia,USA,Americas
Macon,Mississippi,USA,Americas
Columbus,Alabama,USA,Americas
Columbus,South Carolina,USA,Americas
Gainesville,Florida,USA,Americas
Columbus,Florida,USA,Americas
Columbus,Florida,USA,Americas
Birmingham,Florida,USA,Americas
Macon,South Carolina,USA,Americas
Gainesville,Florida,USA,Americas
Columbus,Alabama,USA,Americas
Augusta,Florida,USA,Americas
Columbus,Florida,USA,Americas
Clearwater,Florida,USA,Americas
Columbus,Mississippi,USA,Americas
Columbus,Alabama,USA,Americas
Tampa,Florida,USA,Americas
Gainesville,Florida,USA,Americas
Clearwater,Florida,USA,Americas
Duluth,Florida,USA,Americas
Duluth,Mississippi,USA,Americas
Augusta,Alabama,USA,Americas
Augusta,Alabama,USA,Americas
Gainesville,Alabama,USA,Americas
Columbus,Mississippi,USA,Americas
Clearwater,Alabama,USA,Americas
Columbus,Florida,USA,Americas
Augusta,Florida,USA,Americas
Columbus,Florida,USA,Americas
Columbus,Florida,USA,Americas
Duluth,Georgia,USA,Americas
Clearwater,Florida,USA,Americas
Columbus,Florida,USA,Americas
Duluth,Florida,USA,Americas
Duluth,Georgia,USA,Americas
Gainesville,Florida,USA,Americas
Duluth,Florida,USA,Americas
Columbus,Georgia,USA,Americas
Duluth,Florida,USA,Americas
Duluth,Florida,USA,Americas
Augusta,Georgia,USA,Americas
Clearwater,Florida,USA,Americas
Gainesville,Georgia,USA,Americas
Columbus,Florida,USA,Americas
Pensacola,Alabama,USA,Americas
Columbus,South Carolina,USA,Americas
Columbus,Florida,USA,Americas
Columbus,Florida,USA,Americas
Gainesville,South Carolina,USA,Americas
Duluth,Florida,USA,Americas
Columbus,Georgia,USA,Americas
Columbus,Florida,USA,Americas
Augusta,Florida,USA,Americas
Birmingham,Alabama,USA,Americas
Duluth,Florida,USA,Americas
Duluth,Florida,USA,Americas
Columbus,Florida,USA,Americas
Saint Petersburg,Alabama,USA,Americas
Augusta,Alabama,USA,Americas
Birmingham,South Carolina,USA,Americas
Birmingham,Georgia,USA,Americas
Birmingham,Georgia,USA,Americas
Gainesville,Alabama,USA,Americas
Gainesville,Florida,USA,Americas
Augusta,Florida,USA,Americas
Tampa,Florida,USA,Americas
Gainesville,Florida,USA,Americas
Columbus,South Carolina,USA,Americas
Augusta,Georgia,USA,Americas
Gainesville,South Carolina,USA,Americas
Duluth,Florida,USA,Americas
Columbus,Florida,USA,Americas
Birmingham,Florida,USA,Americas
Columbus,Mississippi,USA,Americas
Augusta,Florida,USA,Americas
Clearwater,Florida,USA,Americas
Birmingham,Mississippi,USA,Americas
Gainesville,South Carolina,USA,Americas
Gainesville,Georgia,USA,Americas
Augusta,Florida,USA,Americas
Columbus,Florida,USA,Americas
Gainesville,Georgia,USA,Americas
Columbus,Florida,USA,Americas
Columbus,Florida,USA,Americas
Columbus,Florida,USA,Americas
Marietta,Georgia,USA,Americas
Columbus,Florida,USA,Americas
Columbus,Mississippi,USA,Americas
Birmingham,Florida,USA,Americas
Miami,Florida,USA,Americas
Augusta,Alabama,USA,Americas
Augusta,Alabama,USA,Americas
Birmingham,South Carolina,USA,Americas
Augusta,South Carolina,USA,Americas
Birmingham,Georgia,USA,Americas
Atlanta,Georgia,USA,Americas
Duluth,Florida,USA,Americas
Augusta,Georgia,USA,Americas
Augusta,Alabama,USA,Americas
Gainesville,Florida,USA,Americas
Columbus,Alabama,USA,Americas
Augusta,Alabama,USA,Americas
Columbus,South Carolina,USA,Americas
Augusta,Florida,USA,Americas
Augusta,Florida,USA,Americas
Augusta,South Carolina,USA,Americas
Gainesville,Florida,USA,Americas
Columbus,Georgia,USA,Americas
Duluth,Georgia,USA,Americas
Columbus,Florida,USA,Americas
Augusta,Florida,USA,Americas
Clearwater,Georgia,USA,Americas
Augusta,Georgia,USA,Americas
Birmingham,Florida,USA,Americas
Gainesville,Florida,USA,Americas
Duluth,Florida,USA,Americas
Gainesville,Florida,USA,Americas
Duluth,Florida,USA,Americas
Gainesville,Florida,USA,Americas
Marietta,Florida,USA,Americas
Birmingham,Florida,USA,Americas
Duluth,Georgia,USA,Americas
Columbus,Florida,USA,Americas
Duluth,Mississippi,USA,Americas
Birmingham,Florida,USA,Americas
Columbus,Georgia,USA,Americas
Columbus,Florida,USA,Americas
Duluth,Florida,USA,Americas
Gainesville,Florida,USA,Americas
Columbus,Florida,USA,Americas
Duluth,Florida,USA,Americas
Duluth,Florida,USA,Americas
Gainesville,Georgia,USA,Americas
Duluth,Alabama,USA,Americas
Gainesville,Florida,USA,Americas
Augusta,Georgia,USA,Americas
Birmingham,Florida,USA,Americas
Columbus,Florida,USA,Americas
Columbus,Florida,USA,Americas
Duluth,Georgia,USA,Americas
Duluth,Florida,USA,Americas
Birmingham,Florida,USA,Americas
Columbus,Alabama,USA,Americas
Augusta,Alabama,USA,Americas
Columbus,Georgia,USA,Americas
Columbus,Georgia,USA,Americas
Birmingham,Alabama,USA,Americas
Columbus,Alabama,USA,Americas
Columbus,Florida,USA,Americas
Augusta,Alabama,USA,Americas
Duluth,South Carolina,USA,Americas
Columbus,Georgia,USA,Americas
Columbus,Florida,USA,Americas
Augusta,Florida,USA,Americas
Birmingham,Alabama,USA,Americas
Birmingham,Alabama,USA,Americas
Columbus,Florida,USA,Americas
Columbus,Florida,USA,Americas
Columbus,South Carolina,USA,Americas
Augusta,Florida,USA,Americas
Birmingham,Mississippi,USA,Americas
Savannah,Georgia,USA,Americas
Duluth,Florida,USA,Americas
Clearwater,Georgia,USA,Americas
Columbus,Florida,USA,Americas
Columbus,Florida,USA,Americas
Duluth,Mississippi,USA,Americas
Saint Petersburg,Florida,USA,Americas
Columbus,Florida,USA,Americas
Augusta,South Carolina,USA,Americas
Columbus,Florida,USA,Americas
West Palm Beach,Florida,USA,Americas
Columbus,Georgia,USA,Americas
Daytona Beach,Florida,USA,Americas
Augusta,Florida,USA,Americas
Augusta,Florida,USA,Americas
Augusta,Georgia,USA,Americas
Augusta,Florida,USA,Americas
Columbus,Florida,USA,Americas
Columbus,Alabama,USA,Americas
Augusta,Florida,USA,Americas
Augusta,Florida,USA,Americas
Gainesville,Mississippi,USA,Americas
Columbus,Georgia,USA,Americas
Augusta,South Carolina,USA,Americas
Gainesville,Florida,USA,Americas
Augusta,Florida,USA,Americas
Columbus,Georgia,USA,Americas
Birmingham,Georgia,USA,Americas
Augusta,Alabama,USA,Americas
Gainesville,South Carolina,USA,Americas
Columbus,Florida,USA,Americas
Gainesville,Georgia,USA,Americas
Birmingham,Florida,USA,Americas
Birmingham,Florida,USA,Americas
Augusta,Florida,USA,Americas
Duluth,Alabama,USA,Americas
Birmingham,Florida,USA,Americas
Duluth,South Carolina,USA,Americas
Birmingham,Florida,USA,Americas
Augusta,Florida,USA,Americas
Augusta,Florida,USA,Americas
Pensacola,Florida,USA,Americas
Augusta,Florida,USA,Americas
Clearwater,Florida,USA,Americas
Birmingham,South Carolina,USA,Americas
Augusta,Florida,USA,Americas
Columbus,Florida,USA,Americas
Augusta,Florida,USA,Americas
Gainesville,Florida,USA,Americas
Augusta,Florida,USA,Americas
Gainesville,Georgia,USA,Americas
Duluth,Florida,USA,Americas
Clearwater,Florida,USA,Americas
Birmingham,Florida,USA,Americas
Duluth,Florida,USA,Americas
Duluth,Alabama,USA,Americas
Duluth,Florida,USA,Americas
Birmingham,Georgia,USA,Americas
Augusta,Florida,USA,Americas
Columbus,South Carolina,USA,Americas
Duluth,Florida,USA,Americas
Clearwater,Georgia,USA,Americas
Columbus,Florida,USA,Americas
Augusta,Florida,USA,Americas
Birmingham,Florida,USA,Americas
Birmingham,Georgia,USA,Americas
Augusta,Florida,USA,Americas
Birmingham,South Carolina,USA,Americas
Columbus,Georgia,USA,Americas
Columbus,Georgia,USA,Americas
Columbus,Georgia,USA,Americas
Birmingham,Alabama,USA,Americas
Columbus,Florida,USA,Americas
Birmingham,Florida,USA,Americas
Augusta,South Carolina,USA,Americas
Duluth,Florida,USA,Americas
Columbus,Florida,USA,Americas
Clearwater,Georgia,USA,Americas
Duluth,Georgia,USA,Americas
Augusta,Florida,USA,Americas
Duluth,South Carolina,USA,Americas
Columbus,Georgia,USA,Americas
Columbus,South Carolina,USA,Americas
Clearwater,Alabama,USA,Americas
Gainesville,Florida,USA,Americas
Gainesville,Florida,USA,Americas
Columbus,Florida,USA,Americas
Birmingham,Florida,USA,Americas
Columbus,Florida,USA,Americas
Duluth,Florida,USA,Americas
Augusta,Mississippi,USA,Americas
Duluth,Georgia,USA,Americas
Augusta,Florida,USA,Americas
Augusta,Florida,USA,Americas
Birmingham,Alabama,USA,Americas
Columbus,South Carolina,USA,Americas
Augusta,Florida,USA,Americas
Augusta,Florida,USA,Americas
Birmingham,South Carolina,USA,Americas
Augusta,Florida,USA,Americas
Columbus,Florida,USA,Americas
Gainesville,Florida,USA,Americas
Macon,Florida,USA,Americas
Gainesville,Florida,USA,Americas
Columbus,Florida,USA,Americas
Augusta,South Carolina,USA,Americas
Columbus,Mississippi,USA,Americas
Augusta,Florida,USA,Americas
Augusta,Alabama,USA,Americas
West Palm Beach,Florida,USA,Americas
Duluth,Florida,USA,Americas
Columbus,Alabama,USA,Americas
Augusta,Florida,USA,Americas
Duluth,Florida,USA,Americas
Columbus,Florida,USA,Americas
Columbus,Florida,USA,Americas
Columbus,Florida,USA,Americas
Birmingham,Georgia,USA,Americas
Duluth,Mississippi,USA,Americas
Augusta,Florida,USA,Americas
Charleston,South Carolina,USA,Americas
Duluth,Florida,USA,Americas
Birmingham,Florida,USA,Americas
Columbus,South Carolina,USA,Americas
Augusta,Florida,USA,Americas
Duluth,Georgia,USA,Americas
Clearwater,Florida,USA,Americas
Orlando,Florida,USA,Americas
Jackson,Florida,USA,Americas
Columbus,Georgia,USA,Americas
Columbus,Florida,USA,Americas
Gainesville,Florida,USA,Americas
Duluth,Alabama,USA,Americas
Duluth,Florida,USA,Americas
Columbus,Florida,USA,Americas
Columbus,Georgia,USA,Americas
Birmingham,Florida,USA,Americas
Columbus,Florida,USA,Americas
Gainesville,Alabama,USA,Americas
Gainesville,Florida,USA,Americas
Orlando,Georgia,USA,Americas
Clearwater,Florida,USA,Americas
Columbus,South Carolina,USA,Americas
Augusta,Florida,USA,Americas
Birmingham,Florida,USA,Americas
Augusta,Florida,USA,Americas
Augusta,Alabama,USA,Americas
Birmingham,Mississippi,USA,Americas
Columbus,Florida,USA,Americas
Birmingham,Florida,USA,Americas
Duluth,Florida,USA,Americas
Columbus,Georgia,USA,Americas
