StoreName,STOREEXCEL__StoreID,EmpID
To You From Me,718,155
Hopscotch Toy Shop,720,165
Hopscotch Toy Shop,720,141
Log Cabin Keepsakes,717,156
The Treasure Box,719,155
Log Cabin Keepsakes,717,125
Hopscotch Toy Shop,720,165
Log Cabin Keepsakes,717,127
Hopscotch Toy Shop,720,147
Log Cabin Keepsakes,717,130
A Bow On Top Gift Shop,721,138
A Bow On Top Gift Shop,721,168
To You From Me,718,159
To You From Me,718,142
The Treasure Box,719,127
The Treasure Box,719,128
A Bow On Top Gift Shop,721,146
Log Cabin Keepsakes,717,156
Brown Paper Packages Gift Shop,708,163
The Treasure Box,719,130
Once Upon a Trinket,712,155
The Warm House,716,139
Log Cabin Keepsakes,717,143
The Treasure Box,719,146
To You From Me,718,148
The Treasure Box,719,140
A Bow On Top Gift Shop,721,152
A Bow On Top Gift Shop,721,169
Log Cabin Keepsakes,717,171
Hopscotch Toy Shop,720,128
Hopscotch Toy Shop,720,170
To You From Me,718,125
Gifts Galore,707,126
A Bow On Top Gift Shop,721,127
Hopscotch Toy Shop,720,141
Hopscotch Toy Shop,720,138
Hopscotch Toy Shop,720,128
Hopscotch Toy Shop,720,140
Log Cabin Keepsakes,717,127
Once Upon a Trinket,712,179
Hopscotch Toy Shop,720,169
The Warm House,716,136
Gifts Galore,707,138
To You From Me,718,178
A Bow On Top Gift Shop,721,167
Hopscotch Toy Shop,720,158
To You From Me,718,127
Log Cabin Keepsakes,717,151
Log Cabin Keepsakes,717,162
Hopscotch Toy Shop,720,150
A Bow On Top Gift Shop,721,137
The Treasure Box,719,165
To You From Me,718,141
To You From Me,718,121
The Warm House,716,135
Log Cabin Keepsakes,717,125
To You From Me,718,162
To You From Me,718,158
Heaven Sent Gift Delivery,703,158
A Bow On Top Gift Shop,721,158
Log Cabin Keepsakes,717,125
To You From Me,718,167
Hopscotch Toy Shop,720,142
Log Cabin Keepsakes,717,151
A Bow On Top Gift Shop,721,157
Log Cabin Keepsakes,717,172
Hopscotch Toy Shop,720,142
The Treasure Box,719,143
Log Cabin Keepsakes,717,161
The Treasure Box,719,165
Hopscotch Toy Shop,720,132
To You From Me,718,164
Sunset Gifts,713,143
Log Cabin Keepsakes,717,145
Log Cabin Keepsakes,717,151
Hopscotch Toy Shop,720,151
The Warm House,716,143
A Bow On Top Gift Shop,721,170
Charming Treasures,711,178
Log Cabin Keepsakes,717,145
To You From Me,718,130
The Treasure Box,719,143
The Warm House,716,163
A Bow On Top Gift Shop,721,142
To You From Me,718,171
A Bow On Top Gift Shop,721,145
Log Cabin Keepsakes,717,140
Sunset Gifts,713,165
Log Cabin Keepsakes,717,171
Log Cabin Keepsakes,717,130
A Bow On Top Gift Shop,721,163
Log Cabin Keepsakes,717,166
Log Cabin Keepsakes,717,148
Hopscotch Toy Shop,720,172
Sunset Gifts,713,168
A Bow On Top Gift Shop,721,147
Log Cabin Keepsakes,717,166
The Treasure Box,719,145
Log Cabin Keepsakes,717,155
The Warm House,716,147
Log Cabin Keepsakes,717,122
Log Cabin Keepsakes,717,125
Sandy Hills Souvenir Shop,714,169
A Bow On Top Gift Shop,721,135
The Warm House,716,150
To You From Me,718,124
To You From Me,718,143
The Treasure Box,719,179
The Treasure Box,719,167
A Bow On Top Gift Shop,721,179
Log Cabin Keepsakes,717,142
The Warm House,716,167
Log Cabin Keepsakes,717,126
The Treasure Box,719,156
Log Cabin Keepsakes,717,134
Log Cabin Keepsakes,717,174
To You From Me,718,138
The Warm House,716,155
Log Cabin Keepsakes,717,179
To You From Me,718,153
To You From Me,718,131
A Bow On Top Gift Shop,721,176
To You From Me,718,124
Log Cabin Keepsakes,717,127
To You From Me,718,159
To You From Me,718,147
The Treasure Box,719,130
The Warm House,716,130
A Bow On Top Gift Shop,721,172
Log Cabin Keepsakes,717,146
Surprises Inside,710,141
Log Cabin Keepsakes,717,123
Log Cabin Keepsakes,717,152
Log Cabin Keepsakes,717,145
A Bow On Top Gift Shop,721,164
To You From Me,718,149
Log Cabin Keepsakes,717,170
Log Cabin Keepsakes,717,158
The Treasure Box,719,134
Hopscotch Toy Shop,720,130
To You From Me,718,147
To You From Me,718,131
Log Cabin Keepsakes,717,143
A Kindred Spirit Gift Shoppe,715,134
The Treasure Box,719,138
Hopscotch Toy Shop,720,156
Hopscotch Toy Shop,720,152
Hopscotch Toy Shop,720,168
A Bow On Top Gift Shop,721,165
A Bow On Top Gift Shop,721,122
The Treasure Box,719,142
Sandy Hills Souvenir Shop,714,121
A Bow On Top Gift Shop,721,141
Log Cabin Keepsakes,717,129
The Treasure Box,719,148
A Bow On Top Gift Shop,721,152
To You From Me,718,163
Log Cabin Keepsakes,717,176
Hopscotch Toy Shop,720,127
Log Cabin Keepsakes,717,135
The Treasure Box,719,136
The Warm House,716,171
Hopscotch Toy Shop,720,127
A Bow On Top Gift Shop,721,127
A Bow On Top Gift Shop,721,156
The Treasure Box,719,124
Log Cabin Keepsakes,717,124
A Bow On Top Gift Shop,721,131
Log Cabin Keepsakes,717,124
Log Cabin Keepsakes,717,146
Log Cabin Keepsakes,717,150
Made With Love Gift Shop,709,140
Log Cabin Keepsakes,717,154
Log Cabin Keepsakes,717,142
Hopscotch Toy Shop,720,159
Gifts Galore,707,150
The Treasure Box,719,123
The Treasure Box,719,141
Hopscotch Toy Shop,720,151
The Treasure Box,719,137
Hopscotch Toy Shop,720,142
Secret Admirer Florist & Gifts,705,148
To You From Me,718,126
The Treasure Box,719,141
The Treasure Box,719,153
A Bow On Top Gift Shop,721,129
Log Cabin Keepsakes,717,132
The Treasure Box,719,126
Log Cabin Keepsakes,717,134
The Treasure Box,719,136
The Treasure Box,719,162
The Treasure Box,719,132
A Bow On Top Gift Shop,721,124
Log Cabin Keepsakes,717,159
To You From Me,718,132
Log Cabin Keepsakes,717,124
The Treasure Box,719,128
The Warm House,716,141
The Treasure Box,719,166
Hopscotch Toy Shop,720,127
A Bow On Top Gift Shop,721,145
To You From Me,718,165
A Bow On Top Gift Shop,721,125
To You From Me,718,173
A Bow On Top Gift Shop,721,150
Made With Love Gift Shop,709,128
Hopscotch Toy Shop,720,167
To You From Me,718,166
Log Cabin Keepsakes,717,141
To You From Me,718,129
Hopscotch Toy Shop,720,155
Log Cabin Keepsakes,717,129
Log Cabin Keepsakes,717,125
To You From Me,718,136
A Bow On Top Gift Shop,721,174
Log Cabin Keepsakes,717,123
To You From Me,718,125
To You From Me,718,127
A Bow On Top Gift Shop,721,166
To You From Me,718,167
A Bow On Top Gift Shop,721,171
The Treasure Box,719,123
Hopscotch Toy Shop,720,149
Log Cabin Keepsakes,717,163
Log Cabin Keepsakes,717,165
To You From Me,718,169
To You From Me,718,128
Hopscotch Toy Shop,720,124
Log Cabin Keepsakes,717,141
The Treasure Box,719,163
Log Cabin Keepsakes,717,135
Log Cabin Keepsakes,717,134
Hopscotch Toy Shop,720,163
Log Cabin Keepsakes,717,134
Log Cabin Keepsakes,717,153
The Treasure Box,719,164
To You From Me,718,173
Log Cabin Keepsakes,717,151
Log Cabin Keepsakes,717,167
The Treasure Box,719,165
Hopscotch Toy Shop,720,152
Hopscotch Toy Shop,720,126
Log Cabin Keepsakes,717,169
Log Cabin Keepsakes,717,172
Log Cabin Keepsakes,717,178
The Treasure Box,719,137
Hopscotch Toy Shop,720,151
Once Upon a Trinket,712,167
To You From Me,718,146
The Warm House,716,152
Log Cabin Keepsakes,717,179
Log Cabin Keepsakes,717,142
To You From Me,718,123
A Kindred Spirit Gift Shoppe,715,170
Log Cabin Keepsakes,717,121
The Treasure Box,719,150
Log Cabin Keepsakes,717,172
Charming Treasures,711,142
Log Cabin Keepsakes,717,138
Brown Paper Packages Gift Shop,708,127
The Treasure Box,719,146
The Treasure Box,719,178
The Treasure Box,719,139
The Treasure Box,719,171
Log Cabin Keepsakes,717,152
Log Cabin Keepsakes,717,176
The Treasure Box,719,159
The Treasure Box,719,154
A Bow On Top Gift Shop,721,128
Log Cabin Keepsakes,717,130
The Treasure Box,719,140
A Bow On Top Gift Shop,721,121
The Treasure Box,719,166
Log Cabin Keepsakes,717,142
Hopscotch Toy Shop,720,127
The Treasure Box,719,161
A Bow On Top Gift Shop,721,173
Log Cabin Keepsakes,717,178
A Bow On Top Gift Shop,721,170
Hopscotch Toy Shop,720,150
Hopscotch Toy Shop,720,162
The Treasure Box,719,150
To You From Me,718,125
Hopscotch Toy Shop,720,166
To You From Me,718,152
Hopscotch Toy Shop,720,139
The Treasure Box,719,172
The Treasure Box,719,135
Surprises Inside,710,153
The Treasure Box,719,138
The Warm House,716,161
Hopscotch Toy Shop,720,142
The Treasure Box,719,125
Log Cabin Keepsakes,717,154
The Treasure Box,719,135
A Bow On Top Gift Shop,721,136
The Treasure Box,719,178
A Bow On Top Gift Shop,721,137
To You From Me,718,162
The Warm House,716,126
Hopscotch Toy Shop,720,127
To You From Me,718,151
To You From Me,718,136
To You From Me,718,167
Hopscotch Toy Shop,720,131
The Treasure Box,719,147
Log Cabin Keepsakes,717,165
To You From Me,718,176
The Warm House,716,125
Log Cabin Keepsakes,717,136
The Treasure Box,719,145
Hopscotch Toy Shop,720,165
Hopscotch Toy Shop,720,153
The Treasure Box,719,141
Hopscotch Toy Shop,720,145
Log Cabin Keepsakes,717,165
Log Cabin Keepsakes,717,125
Log Cabin Keepsakes,717,149
Hopscotch Toy Shop,720,129
Log Cabin Keepsakes,717,136
Hopscotch Toy Shop,720,146
The Treasure Box,719,121
To You From Me,718,157
Log Cabin Keepsakes,717,157
The Warm House,716,147
To You From Me,718,130
The Treasure Box,719,122
To You From Me,718,129
Log Cabin Keepsakes,717,124
Log Cabin Keepsakes,717,124
The Warm House,716,165
A Bow On Top Gift Shop,721,138
A Bow On Top Gift Shop,721,161
Log Cabin Keepsakes,717,167
Hopscotch Toy Shop,720,146
Log Cabin Keepsakes,717,134
To You From Me,718,149
The Treasure Box,719,161
To You From Me,718,161
The Treasure Box,719,142
The Treasure Box,719,140
Hopscotch Toy Shop,720,157
Log Cabin Keepsakes,717,162
The Treasure Box,719,166
The Treasure Box,719,167
Hopscotch Toy Shop,720,169
The Treasure Box,719,147
Log Cabin Keepsakes,717,122
A Bow On Top Gift Shop,721,130
Sunset Gifts,713,156
A Bow On Top Gift Shop,721,162
Log Cabin Keepsakes,717,150
The Treasure Box,719,179
Log Cabin Keepsakes,717,126
The Treasure Box,719,124
The Treasure Box,719,126
Charming Treasures,711,154
To You From Me,718,135
Log Cabin Keepsakes,717,165
The Treasure Box,719,148
To You From Me,718,168
Log Cabin Keepsakes,717,153
Log Cabin Keepsakes,717,148
Log Cabin Keepsakes,717,170
Hopscotch Toy Shop,720,131
To You From Me,718,145
The Treasure Box,719,170
Artsy Antiques and Gifts,706,161
To You From Me,718,170
Hopscotch Toy Shop,720,135
Log Cabin Keepsakes,717,156
The Treasure Box,719,129
To You From Me,718,151
The Warm House,716,142
The Giftery,704,159
Heaven Sent Gift Delivery,703,134
Log Cabin Keepsakes,717,155
Log Cabin Keepsakes,717,165
A Bow On Top Gift Shop,721,165
To You From Me,718,170
To You From Me,718,171
Log Cabin Keepsakes,717,139
Log Cabin Keepsakes,717,149
Hopscotch Toy Shop,720,170
Log Cabin Keepsakes,717,128
A Bow On Top Gift Shop,721,154
A Bow On Top Gift Shop,721,139
The Giftery,704,135
The Warm House,716,159
Log Cabin Keepsakes,717,173
The Treasure Box,719,135
Hopscotch Toy Shop,720,123
The Treasure Box,719,125
The Treasure Box,719,164
Hopscotch Toy Shop,720,149
Log Cabin Keepsakes,717,136
Hopscotch Toy Shop,720,165
To You From Me,718,127
Log Cabin Keepsakes,717,142
